"filename", "language", "HTML", "JavaScript", "Markdown", "XML", "CSS", "JavaScript JSX", "JSON", "comment", "blank", "total"
"e:\Code Everyday\2023-04\0405-CYC-ENTS\CYC-ENTS\README.md", "Markdown", 0, 0, 13, 0, 0, 0, 0, 0, 3, 16
"e:\Code Everyday\2023-04\0405-CYC-ENTS\CYC-ENTS\index.html", "HTML", 13, 0, 0, 0, 0, 0, 0, 0, 1, 14
"e:\Code Everyday\2023-04\0405-CYC-ENTS\CYC-ENTS\package-lock.json", "JSON", 0, 0, 0, 0, 0, 0, 2545, 0, 1, 2546
"e:\Code Everyday\2023-04\0405-CYC-ENTS\CYC-ENTS\package.json", "JSON", 0, 0, 0, 0, 0, 0, 27, 0, 1, 28
"e:\Code Everyday\2023-04\0405-CYC-ENTS\CYC-ENTS\public\vite.svg", "XML", 0, 0, 0, 1, 0, 0, 0, 0, 0, 1
"e:\Code Everyday\2023-04\0405-CYC-ENTS\CYC-ENTS\src\App.css", "CSS", 0, 0, 0, 0, 5, 0, 0, 0, 0, 5
"e:\Code Everyday\2023-04\0405-CYC-ENTS\CYC-ENTS\src\App.jsx", "JavaScript JSX", 0, 0, 0, 0, 0, 20, 0, 14, 3, 37
"e:\Code Everyday\2023-04\0405-CYC-ENTS\CYC-ENTS\src\ORM\User.js", "JavaScript", 0, 22, 0, 0, 0, 0, 0, 0, 3, 25
"e:\Code Everyday\2023-04\0405-CYC-ENTS\CYC-ENTS\src\StatusContainer.js", "JavaScript", 0, 3, 0, 0, 0, 0, 0, 2, 1, 6
"e:\Code Everyday\2023-04\0405-CYC-ENTS\CYC-ENTS\src\assets\react.svg", "XML", 0, 0, 0, 1, 0, 0, 0, 0, 0, 1
"e:\Code Everyday\2023-04\0405-CYC-ENTS\CYC-ENTS\src\components\Attendance\Attendance.css", "CSS", 0, 0, 0, 0, 0, 0, 0, 0, 1, 1
"e:\Code Everyday\2023-04\0405-CYC-ENTS\CYC-ENTS\src\components\Attendance\Attendance.jsx", "JavaScript JSX", 0, 0, 0, 0, 0, 251, 0, 11, 19, 281
"e:\Code Everyday\2023-04\0405-CYC-ENTS\CYC-ENTS\src\components\Dashboard\Dashboard.css", "CSS", 0, 0, 0, 0, 0, 0, 0, 0, 1, 1
"e:\Code Everyday\2023-04\0405-CYC-ENTS\CYC-ENTS\src\components\Dashboard\Dashboard.jsx", "JavaScript JSX", 0, 0, 0, 0, 0, 109, 0, 7, 10, 126
"e:\Code Everyday\2023-04\0405-CYC-ENTS\CYC-ENTS\src\components\Dashboard\PieChart.jsx", "JavaScript JSX", 0, 0, 0, 0, 0, 33, 0, 0, 5, 38
"e:\Code Everyday\2023-04\0405-CYC-ENTS\CYC-ENTS\src\components\Discussion\Comment.jsx", "JavaScript JSX", 0, 0, 0, 0, 0, 51, 0, 1, 4, 56
"e:\Code Everyday\2023-04\0405-CYC-ENTS\CYC-ENTS\src\components\Discussion\Discussion.css", "CSS", 0, 0, 0, 0, 39, 0, 0, 0, 8, 47
"e:\Code Everyday\2023-04\0405-CYC-ENTS\CYC-ENTS\src\components\Discussion\Discussion.jsx", "JavaScript JSX", 0, 0, 0, 0, 0, 37, 0, 0, 3, 40
"e:\Code Everyday\2023-04\0405-CYC-ENTS\CYC-ENTS\src\components\Discussion\DiscussionModal.jsx", "JavaScript JSX", 0, 0, 0, 0, 0, 42, 0, 1, 8, 51
"e:\Code Everyday\2023-04\0405-CYC-ENTS\CYC-ENTS\src\components\Frame\Frame.css", "CSS", 0, 0, 0, 0, 22, 0, 0, 1, 4, 27
"e:\Code Everyday\2023-04\0405-CYC-ENTS\CYC-ENTS\src\components\Frame\Frame.jsx", "JavaScript JSX", 0, 0, 0, 0, 0, 120, 0, 3, 7, 130
"e:\Code Everyday\2023-04\0405-CYC-ENTS\CYC-ENTS\src\components\Login\Login.css", "CSS", 0, 0, 0, 0, 14, 0, 0, 0, 1, 15
"e:\Code Everyday\2023-04\0405-CYC-ENTS\CYC-ENTS\src\components\Login\Login.jsx", "JavaScript JSX", 0, 0, 0, 0, 0, 41, 0, 0, 7, 48
"e:\Code Everyday\2023-04\0405-CYC-ENTS\CYC-ENTS\src\components\Members\AddMembersModal.jsx", "JavaScript JSX", 0, 0, 0, 0, 0, 89, 0, 0, 4, 93
"e:\Code Everyday\2023-04\0405-CYC-ENTS\CYC-ENTS\src\components\Members\Members.css", "CSS", 0, 0, 0, 0, 18, 0, 0, 0, 2, 20
"e:\Code Everyday\2023-04\0405-CYC-ENTS\CYC-ENTS\src\components\Members\Members.jsx", "JavaScript JSX", 0, 0, 0, 0, 0, 64, 0, 1, 6, 71
"e:\Code Everyday\2023-04\0405-CYC-ENTS\CYC-ENTS\src\firebase\analytics.js", "JavaScript", 0, 12, 0, 0, 0, 0, 0, 5, 4, 21
"e:\Code Everyday\2023-04\0405-CYC-ENTS\CYC-ENTS\src\firebase\authHandler.js", "JavaScript", 0, 191, 0, 0, 0, 0, 0, 6, 24, 221
"e:\Code Everyday\2023-04\0405-CYC-ENTS\CYC-ENTS\src\firebase\storageHandler.js", "JavaScript", 0, 67, 0, 0, 0, 0, 0, 1, 13, 81
"e:\Code Everyday\2023-04\0405-CYC-ENTS\CYC-ENTS\src\firebase\storeHandler.js", "JavaScript", 0, 237, 0, 0, 0, 0, 0, 7, 46, 290
"e:\Code Everyday\2023-04\0405-CYC-ENTS\CYC-ENTS\src\index.css", "CSS", 0, 0, 0, 0, 62, 0, 0, 0, 8, 70
"e:\Code Everyday\2023-04\0405-CYC-ENTS\CYC-ENTS\src\main.jsx", "JavaScript JSX", 0, 0, 0, 0, 0, 5, 0, 0, 2, 7
"e:\Code Everyday\2023-04\0405-CYC-ENTS\CYC-ENTS\vite.config.js", "JavaScript", 0, 5, 0, 0, 0, 0, 0, 1, 2, 8
"Total", "-", 13, 537, 13, 2, 160, 862, 2572, 61, 202, 4422